DASH.Open;DASH.High;DASH.Low;DASH.Close;DASH.Volume;DASH.Adjusted
182;195,5;163,8000031;189,5099945;25373700;189,5099945
179,7100067;187,6950073;172,6360016;186;9307600;186
176,5200043;182;168,25;175;4760600;175
169,1000061;170;151,1999969;160;7859600;160
157,1000061;161,4199982;153,7599945;158,8899994;5017000;158,8899994
161,1799927;167,4700012;157,1999969;158,0500031;3061300;158,0500031
159,1000061;161,6600037;149,9499969;154,2100067;6369800;154,2100067
154,2100067;169,9499969;147,3200073;166,3500061;8157800;166,3500061
169,0700073;173,4600067;155;160,2299957;3884200;160,2299957
161,0500031;163,2100067;153,4219971;156,7899933;2386700;156,7899933
155;161,5599976;150,25;158,2200012;1759900;158,2200012
157,3800049;158,6000061;153,0700073;158,4600067;673000;158,4600067
158,25;158,4499969;141,5050049;147,8899994;3807700;147,8899994
146,1199951;147,3999939;139,6399994;141,2700043;3849500;141,2700043
144,3999939;147,9799957;139,8000031;140,1999969;3121100;140,1999969
140,1999969;146,5;135,3800049;142,75;2637300;142,75
142,5;143,6199951;137,1699982;139,1900024;2026400;139,1900024
138;146,1199951;137,8350067;144,4299927;1031800;144,4299927
141,2700043;142;138,2100067;140,0099945;1931400;140,0099945
140;154,6399994;139,4349976;152,7700043;3215200;152,7700043
152;158,3099976;147,3000031;156,0899963;2548700;156,0899963
153,1900024;169;153,1900024;167;2541300;167
165,5;201,9299927;162,6150055;191,9900055;7081800;191,9900055
192,4100037;215,5;188,0700073;198;6058800;198
196,6199951;221,3999939;195,3300018;207,2400055;4512000;207,2400055
207;212,0899963;186,9499969;187,1499939;3351100;187,1499939
191,1900024;202,3000031;185,5399933;198,75;3486200;198,75
200;203,8200073;189,0399933;189,4600067;2066400;189,4600067
191,6100006;195,473999;183,1929932;190,8899994;2339400;190,8899994
190,1999969;197,0700073;187,1100006;192;1679500;192
194,3300018;215,3899994;191,3099976;191,8099976;3430400;191,8099976
198;204,3800049;196,4100037;198,2200012;2363000;198,2200012
200;256,0899963;190,3999939;193,0700073;5918300;193,0700073
198,9900055;201,5;183,4799957;183,8000031;1693000;183,8000031
189,3999939;194,9900055;183,4799957;193,2700043;1851500;193,2700043
194,5899963;203,6699982;187,5630035;191,1699982;1170100;191,1699982
191,9499969;197,6000061;181,6300049;182,5299988;1338900;182,5299988
184,6600037;186,6600037;178,326004;180,5800018;1326100;180,5800018
181,3800049;191,8769989;180,6499939;189,3300018;1142100;189,3300018
189,5700073;190,9160004;180,2449951;181,2299957;1521400;181,2299957
183,4499969;185,4900055;174,2100067;177,4299927;1998000;177,4299927
177,7100067;192,2799988;177,6000061;187,75;2137000;187,75
190,6600037;215,6799927;190;215,1600037;3996900;215,1600037
208,5;222;208,5;213,2599945;1949000;213,2599945
213,0299988;213,5399933;202,5099945;202,9700012;1376300;202,9700012
205,6000061;226,4700012;205;212,1699982;2663400;212,1699982
213,8200073;213,8200073;194,0899963;197,8699951;2013900;197,8699951
194,3000031;201,4100037;188,9100037;200,0599976;1728200;200,0599976
200,0700073;209,1600037;199,2299957;205,9700012;1879200;205,9700012
198;201,9900055;176,3600006;178,0700073;3149200;178,0700073
175,9600067;185,4600067;165,5500031;173,5;3005400;173,5
174,3600006;180,5500031;173,5200043;176,3200073;1984000;176,3200073
174,4100037;182,5549927;163,7299957;166,8699951;4005800;166,8699951
155,5;172,9700012;155,0200043;169,4900055;7579900;169,4900055
171,4400024;173,7899933;164,1999969;168,8899994;4143200;168,8899994
168;170,8000031;155,2200012;160,5899963;5311700;160,5899963
156,6900024;161,3399963;144,5599976;148,25;4070500;148,25
147,3200073;152,4700012;138,8200073;150;4366800;150
150,5;160;138,4499969;151,4799957;6175800;151,4799957
146,4100037;150,3999939;130,0299988;133,4100037;6886100;133,4100037
132,9100037;147,2129974;130;141,4799957;20400000;141,4799957
143,1399994;147,7350006;134,0399933;135,7700043;5398500;135,7700043
140;147,7299957;139,5599976;144,9700012;3612400;144,9700012
139,4799957;145,4600067;136,5500031;142,0299988;3255200;142,0299988
143,7799988;144,0399933;138,0299988;140,6900024;2107900;140,6900024
140,7899933;141,9900055;133,0899963;133,6600037;2477500;133,6600037
133;136,2449951;127,6999969;133,8000031;3286900;133,8000031
131,4559937;134,6699982;129,3139954;130,6199951;2983100;130,6199951
132,0800018;136,6199951;127,1299973;135,0299988;2259400;135,0299988
136;139,4799957;133,4400024;135,9100037;1957900;135,9100037
136,1999969;139,8999939;131,3500061;131,7599945;1886600;131,7599945
131,7700043;132,5399933;124,9000015;125,5299988;2164600;125,5299988
124,8799973;132,7700043;121;131,75;3016600;131,75
131,6300049;136,9900055;129,5700073;134,0099945;2038400;134,0099945
133,5299988;138,5200043;129,6600037;129,9799957;2302600;129,9799957
128,2100067;132;126,1600037;130,6000061;1447100;130,6000061
130,9600067;132,8300018;127,6399994;131,1300049;2939200;131,1300049
136,8800049;140,8999939;130,9400024;133,1399994;2191000;133,1399994
133,8899994;134,7299957;130,5399933;133,5500031;1459500;133,5500031
131,75;135,5;130,5099945;131,0899963;1755200;131,0899963
131,1900024;134,7100067;127,25;127,5;1866700;127,5
129,0200043;130,4499969;126,1399994;128,1399994;1879800;128,1399994
126,3000031;141;122,0599976;140,5;6671800;140,5
138;149,0099945;136,2799988;147,8300018;5730100;147,8300018
146,8399963;150,3600006;143,5500031;149,4600067;2823500;149,4600067
150,0099945;153,2749939;143,1100006;143,6499939;2235100;143,6499939
145;154,8800049;144,8699951;151,5;3338700;151,5
151,2899933;151,2899933;148,25;149,4900055;921300;149,4900055
142,4600067;150,3399963;142,3099976;146,6699982;2246100;146,6699982
146,7200012;148,8099976;142,25;144,3500061;1647700;144,3500061
143,7400055;143,7400055;139,0599976;143,3200073;1168900;143,3200073
144,8999939;149,5;142,2100067;143,9600067;991400;143,9600067
145,0599976;153,1699982;144,0099945;152,75;2088400;152,75
153,1999969;157,3399963;150,4400024;153,8000031;1563900;153,8000031
156,5500031;164,6649933;154,8999939;162,1300049;3095800;162,1300049
160,0099945;167,2299957;158,3970032;162,4499969;1621700;162,4499969
164,0399933;164,0399933;144,1300049;150,1100006;4109900;150,1100006
148,3099976;150,6300049;142,1300049;143,1699982;1806800;143,1699982
142,8500061;146,4299927;139,5299988;140,4700012;1412600;140,4700012
137,3099976;138,0299988;129,5899963;135,2200012;2092400;135,2200012
134;134,625;124,9300003;128,3899994;2786400;128,3899994
127,8799973;131,1100006;120,0500031;122,7699966;3114900;122,7699966
126,4899979;129,4900055;122,5500031;124,8899994;1887500;124,8899994
124,9000015;125,0899963;118,5599976;120,4499969;2277500;120,4499969
115,4599991;125,5;114,6900024;124,5400009;2724200;124,5400009
119,5199966;120,1699982;112,0500031;112,9899979;4433700;112,9899979
114,0500031;118,7200012;110,1299973;115,4899979;6869500;115,4899979
125;146,6300049;123,5699997;141,0700073;15264700;141,0700073
138,9100037;140,6900024;130,7100067;133,7899933;5197200;133,7899933
135,5;143,8500061;133,0899963;138,5599976;10724400;138,5599976
130,3600006;140,7299957;130,0099945;140,1999969;5588700;140,1999969
134,8099976;138,0200043;133,3500061;137;6766000;137
136,7700043;138,8500061;135,4400024;137,5700073;3250200;137,5700073
139;143,4199982;137,3600006;140,4600067;3975700;140,4600067
140,1100006;141,4799957;135,6799927;136,2700043;2812600;136,2700043
138,7299957;145,2299957;136,3800049;141,8600006;3151400;141,8600006
142,3000031;155,5;140,1699982;152,8200073;5996600;152,8200073
152;154,2200012;149,5599976;150,2799988;2238900;150,2799988
152,1999969;154,9499969;147,3399963;149,2700043;2208500;149,2700043
148,1300049;153,1999969;146,5299988;149,8300018;3097800;149,8300018
149,8899994;150,4600067;138,3099976;139,1100006;2980500;139,1100006
140,6399994;147,1300049;139,8300018;143,8000031;2384900;143,8000031
146,4700012;154,1499939;134,1199951;142,5;9575700;142,5
139,8200073;142,9100037;135,6849976;136,7599945;2968300;136,7599945
137,5899963;141,2599945;135,6600037;136,9799957;3055200;136,9799957
136,5099945;145,2599945;136,1199951;144,8500061;3323800;144,8500061
145,6499939;154,3500061;145,0399933;154,1600037;4386100;154,1600037
155,4600067;160,1000061;154,3800049;158,8300018;4722000;158,8300018
158;160,1000061;155,3000031;158,6499939;2588000;158,6499939
158;164;157,1580048;161,4600067;4815800;161,4600067
159,2100067;165,0099945;158,5800018;164,5200043;4158200;164,5200043
165,9900055;174,5899963;164;167,3300018;9450500;167,3300018
167,5;177,5;163,5299988;173,2100067;6461800;173,2100067
174,3300018;178,9900055;172,4499969;178,9799957;3740000;178,9799957
176,6399994;177,5200043;169,4100037;174,0299988;2747600;174,0299988
176,1100006;180,9499969;175,0700073;175,3000031;2682000;175,3000031
176,0299988;180,9400024;174,0899963;176,7200012;7038500;176,7200012
181,0800018;181,25;175,1049957;175,6000061;1865100;175,6000061
177,25;184,2799988;175,0700073;183,9100037;3571700;183,9100037
180,5;183,7899933;174,5599976;178,3300018;4880300;178,3300018
179,3600006;182,6600037;177,1499939;180,5899963;2570500;180,5899963
181,0500031;184,6999969;180,3500061;182,9100037;2086100;182,9100037
183,1600037;183,9859924;178,2200012;182,7700043;1957700;182,7700043
184,6300049;185,8500061;180,1649933;185,1499939;1349300;185,1499939
174,9799957;181;174,3699951;178,5599976;1783400;178,5599976
180,6600037;181,6499939;176,5399933;180,2299957;1093600;180,2299957
182,2100067;183,4199982;175,9949951;177,1799927;1157500;177,1799927
177;179,0599976;175,1569977;176,4900055;992300;176,4900055
177,3899994;178,3110046;169,1000061;169,3300018;1591800;169,3300018
167,8300018;174,6300049;164,1600037;167,3300018;1702000;167,3300018
168,5099945;169,8300018;164,6499939;167,3600006;1158800;167,3600006
163,3200073;176,9900055;163,1499939;175,5;2512100;175,5
176,2400055;180;173,6499939;177,5599976;1676700;177,5599976
177,6900024;179,4900055;175,6799927;179,0200043;1771400;179,0200043
179,1799927;184,2899933;177,8800049;182,7799988;1444200;182,7799988
181,9499969;188,6199951;180,3899994;188,6000061;2911100;188,6000061
186,2100067;188,3200073;182,6399994;184,0899963;918000;184,0899963
182,8000031;184;174,1199951;179,9900055;2291300;179,9900055
182,1199951;187,5;181,2940063;186,8500061;2123800;186,8500061
184;185,326004;177,7799988;178,0599976;2091600;178,0599976
175,8099976;176,7400055;173,1300049;174,2899933;1623900;174,2899933
175,3500061;179,5299988;169,8000031;177,6300049;1512700;177,6300049
177,0099945;180,5599976;175,5399933;177,1300049;1218900;177,1300049
175,4400024;180,4199982;175,0460052;178,5200043;1243200;178,5200043
178,3699951;186,0800018;177,8399963;181,3300018;2130500;181,3300018
182,4199982;183,3899994;178,6199951;181,5599976;1897000;181,5599976
182,8000031;186,1100006;180,1100006;183,1499939;1264100;183,1499939
186,8999939;194,25;186,1950073;190,1600037;3758100;190,1600037
190,5099945;191,6300049;187,0200043;190,5599976;2609100;190,5599976
192,1900024;192,4900055;187;188,2100067;3824100;188,2100067
181;195,4499969;177,1499939;194,7899933;6915100;194,7899933
189,5399933;192,7749939;186,1900024;187,6699982;3304200;187,6699982
184,5500031;194,2100067;183,6100006;185,8800049;3447200;185,8800049
185;194,25;184,7400055;191,6300049;2894500;191,6300049
182,6150055;185,4299927;178,2400055;182,0599976;6448900;182,0599976
182,8000031;187,2299957;176,1499939;184,0800018;6305200;184,0800018
177,3600006;185;173,5700073;183,0800018;2939000;183,0800018
184,8899994;189,5299988;183,3399963;187,4499969;2101500;187,4499969
185,4499969;190,1199951;184,5500031;188,25;1914300;188,25
188,4600067;194,6499939;187,1699982;191;2223600;191
186,8899994;190,25;186,0500031;187,9400024;1696600;187,9400024
187,9100037;193,8300018;187,6100006;192,6999969;1773500;192,6999969
192,4900055;196,6499939;189,8699951;191,3999939;5344700;191,3999939
192;194,8000031;190,6000061;191,8000031;2321500;191,8000031
192;193,5;189,2599945;191,7200012;1915200;191,7200012
191;194,1199951;190,0019989;193,4600067;1255300;193,4600067
195;199,5;192,1600037;197,1199951;3123400;197,1199951
195,2599945;203,6399994;194,7510071;200,9199982;3583100;200,9199982
201,7700043;210,1399994;200,8000031;207,7400055;4114400;207,7400055
209;214,2480011;206,8049927;210,3699951;3307200;210,3699951
208,6199951;212,1399994;203,6600037;208,6399994;2852800;208,6399994
205,8999939;211,6999969;203,1000061;203,3300018;4008900;203,3300018
204,8899994;211,4799957;203,5899963;209,8500061;3372000;209,8500061
217,0399933;225,4499969;216,6000061;221,5;5786800;221,5
223,0299988;227,3999939;220;222,9100037;14845700;222,9100037
219,2400055;226,5659943;217,3200073;220,3200073;3654300;220,3200073
222,3300018;224,4799957;217,5;221,3600006;3250500;221,3600006
221,3500061;223,5700073;215,8249969;217,6600037;2170800;217,6600037
220,0399933;220,5;211,7100067;217;2710800;217
219,9799957;225,4199982;217,8300018;220,5200043;4377900;220,5200043
218,2200012;219,4499969;212,7830048;216,7299957;1671400;216,7299957
213,5099945;214,4900055;204,5500031;206,3200073;2199300;206,3200073
207,4900055;210;205,3800049;205,8300018;1396900;205,8300018
205,9900055;208,4900055;203,2400055;205,9799957;1565500;205,9799957
208,4600067;209,7700043;200,6799927;203,9900055;1666500;203,9900055
201,1399994;203,6199951;196,8600006;197,6799927;1556900;197,6799927
199,8300018;202,9299927;198,9199982;199,5;1137300;199,5
198,7299957;205,3999939;198,1849976;205,2599945;2258600;205,2599945
209,3099976;210,25;204,5800018;204,9199982;1084800;204,9199982
204,8999939;207,9900055;204,1499939;204,4199982;892100;204,4199982
203,4299927;204,4100037;194,5399933;195,3000031;1512200;195,3000031
202,9299927;204,3500061;198,6600037;199;2372300;199
200;206,3800049;198,7299957;205,4199982;1281100;205,4199982
207;213,9400024;205,8800049;212,4299927;1340800;212,4299927
213,5099945;217,5500031;212,4799957;214,0700073;1169300;214,0700073
214,6199951;215,9900055;213,2649994;215,3699951;956400;215,3699951
218,2799988;218,2799988;211,0800018;213,3300018;974000;213,3300018
214,75;217,8500061;213,5599976;215,6799927;1086700;215,6799927
214,8300018;220,2700043;212,8099976;218,8200073;903800;218,8200073
218;218,4400024;212,3899994;213,8300018;806200;213,8300018
215;220,6109924;214,0700073;216,3300018;1123800;216,3300018
217,6300049;219,0800018;211,9199982;212,9299927;847100;212,9299927
199,7200012;203;195,9299927;198,9499969;5167700;198,9499969
197,9299927;199,6499939;194,5399933;196;3115200;196
196,0099945;198,8000031;194,1300049;194,8000031;1930800;194,8000031
195,0099945;198,8509979;192,6499939;197,9400024;2590400;197,9400024
198,2599945;201,3800049;196,2599945;199,1900024;2135500;199,1900024
200,0500031;206,6920013;197,8999939;206,0200043;2177500;206,0200043
207,25;209,5800018;204,2700043;207,4400024;1387100;207,4400024
204,3500061;208,2700043;198,3600006;198,6799927;2900900;198,6799927
199,3999939;202,8699951;191,8600006;193,1499939;2679200;193,1499939
196,3999939;198,75;187,3549957;192,0099945;5529700;192,0099945
223,5800018;232;209;214,2400055;13689100;214,2400055
219,2599945;233,0800018;218,2400055;227,4199982;6121700;227,4199982
227,8699951;249,5;227,5099945;245,9700012;7368600;245,9700012
247,5200043;257,25;241,2100067;242,7200012;5232500;242,7200012
237,0599976;242,5099945;234,2599945;234,6499939;2646100;234,6499939
235;235,75;225,5700073;229,4600067;3292500;229,4600067
226,4400024;229,6199951;223,8350067;228,8099976;2326900;228,8099976
234,7899933;235;214,7899933;215,25;2818100;215,25
217,9499969;217,9499969;189,2100067;201,4600067;7041800;201,4600067
193,8099976;199,3600006;182,8099976;184,3099976;4969800;184,3099976
181,1000061;189,9700012;177,6499939;184,9299927;4357700;184,9299927
187,8999939;189;181,3600006;187,9199982;3231400;187,9199982
186,5500031;188,9700012;178,1300049;183,0099945;4794100;183,0099945
182,4799957;186;174,4149933;178,7700043;6317700;178,7700043
183;185,2799988;160,8800049;161,6199951;4870600;161,6199951
163,5099945;168,3639984;160,2899933;166,1199951;3866800;166,1199951
162,2100067;163;149,572998;157,7100067;5274400;157,7100067
156,1600037;163,1499939;155,3899994;161,5399933;4703200;161,5399933
165,7700043;167,3000031;158,8000031;163,4600067;4731500;163,4600067
163;170,8899994;159,4299927;168,9299927;2610300;168,9299927
167,6100006;168,5399933;162,8300018;164,8600006;3361000;164,8600006
165;171,0800018;157,6000061;158;2937800;158
156,6999969;158,4199982;149;155,25;4108900;155,25
152,8000031;159,6399994;150,0200043;156,4299927;3514400;156,4299927
154,1900024;157,8899994;147,2850037;156,2400055;2894900;156,2400055
157;157;143,3099976;144,4400024;3989800;144,4400024
143,0399933;150,1060028;139;148,8099976;5465600;148,8099976
146,1399994;150,8099976;145,5;148,0700073;1698200;148,0700073
150;152,9400024;147;151,6100006;1392500;151,6100006
149,9900055;150,6000061;144,3999939;149,2400055;2384100;149,2400055
148,4700012;154,7400055;146,9450073;153,6799927;1915500;153,6799927
153,2599945;156,2700043;152,9499969;156,0399933;1724700;156,0399933
156;157,4600067;152,602005;153,5599976;2065600;153,5599976
152,6000061;153,6799927;144,6199951;150,1100006;2617900;150,1100006
150,3099976;155,5;149,5;152,3800049;1909700;152,3800049
151,6300049;152,8699951;147,9499969;148,8999939;2297900;148,8999939
149,6100006;150,1649933;144,6900024;145,3399963;2622300;145,3399963
143,1399994;143,8600006;131,7599945;135,9100037;5060300;135,9100037
134,4900055;139,3899994;127,6900024;127,9700012;3763800;127,9700012
127,4300003;140,75;126,0599976;137,2799988;7194700;137,2799988
136,5700073;138,8699951;130;132,2700043;3173200;132,2700043
129,9700012;133,5700073;121,4899979;133,4499969;6007900;133,4499969
133,5599976;144,9499969;132,2489929;143,6399994;5756600;143,6399994
148,3399963;152,4949951;140,5599976;140,6600037;4768300;140,6600037
139,6799927;140,9299927;131,5599976;131,7799988;3702700;131,7799988
130,8699951;134,5399933;127,8300018;131,5299988;4208100;131,5299988
129,8500061;131,1100006;125,0500031;128,5800018;5135100;128,5800018
128,3999939;133,0200043;125,5999985;131,7599945;4208800;131,7599945
134,125;136,8500061;126,3799973;126,7799988;2898100;126,7799988
126,0299988;126,4100037;116,25;116,9499969;5115800;116,9499969
112,0400009;119,0500031;106,2799988;117,3499985;5587300;117,3499985
113;114,4000015;106,2699966;109,3899994;4877900;109,3899994
113;113,7099991;99,33000183;101,4700012;6604000;101,4700012
103,1500015;106,1800003;95,87999725;96,08999634;5100400;96,08999634
99,30000305;105,0599976;92,77999878;103,6699982;6934000;103,6699982
104,8899994;114,9700012;104,8899994;113,4899979;4768000;113,4899979
112,4000015;117,2399979;110,2600021;114,6200027;3997500;114,6200027
116,1800003;116,2699966;102,8099976;104,1699982;3919600;104,1699982
100,2300034;101,6100006;91,95999908;92,29000092;6618400;92,29000092
93,52999878;101,3399963;93,08999634;98,48999786;4113900;98,48999786
97,58999634;101,9499969;95,31500244;97,91000366;2854200;97,91000366
95,29000092;101,1800003;94,80000305;100,5100021;2913400;100,5100021
102,3300018;109,7200012;102,1500015;108,1299973;5295700;108,1299973
99,08999634;105,8690033;96,51000214;97,80999756;8779300;97,80999756
98,70999908;101,3899994;93,61000061;95,01000214;3382300;95,01000214
95,44000244;99,59999847;94,75;97,11000061;3472300;97,11000061
99,51999664;101,9899979;95,75;101,8099976;3767000;101,8099976
99,79000092;100,2050018;93,55000305;94,88999939;11385300;94,88999939
115,6009979;116;100,5299988;105,0299988;47405700;105,0299988
101,0500031;105,3899994;95,93000031;96,20999908;12010000;96,20999908
95;102,8899994;89,51999664;93,16999817;11629900;93,16999817
94,16999817;96,09999847;89,30000305;90,55000305;5647600;90,55000305
86,87999725;100,9199982;85,17700195;100,4199982;6639000;100,4199982
97,69999695;100,9000015;94,27999878;100,3399963;3638700;100,3399963
101,0299988;105,875;97,55999756;104,9499969;4230200;104,9499969
103,9899979;105,0500031;100,4000015;102,4300003;3090300;102,4300003
103,5999985;104,3199997;100;103,6200027;3297800;103,6200027
102,4000015;105,1500015;99,80999756;101,6800003;4794900;101,6800003
101,6299973;102;88,08000183;89,86000061;7362000;89,86000061
92,73000336;93,20999908;79,11000061;79,86000061;7716000;79,86000061
80,36000061;87,22000122;77,31999969;85,01000214;6802100;85,01000214
86,95999908;93,61000061;86,95999908;91,83999634;4903600;91,83999634
90;92,23000336;87,23999786;89,65000153;4838200;89,65000153
92,62999725;94,79000092;86,48000336;86,97000122;3621200;86,97000122
84,90000153;86,08999634;74,31999969;76,05999756;9861200;76,05999756
76,01999664;80,76999664;76;79,76999664;6096000;79,76999664
83,19999695;90,77999878;83;90,5;6035200;90,5
88,19999695;96,82499695;87,87999725;96,08999634;5038400;96,08999634
97,15000153;107,5599976;96,87999725;107,2900009;7925200;107,2900009
103,2399979;108,4000015;102,3700027;107,0999985;5779200;107,0999985
105,9199982;112,8199997;105,1900024;111,25;3806800;111,25
108;116,8099976;107,1640015;114,3399963;3635200;114,3399963
114,4899979;115,6600037;108,5899963;114,8799973;2935300;114,8799973
113,9400024;114,0449982;104,1699982;105,2900009;5739100;105,2900009
106,6600037;115,1100006;104,8600006;114,4300003;3364500;114,4300003
116,8499985;125,1100006;115,4599991;123,5500031;5660300;123,5500031
122,3000031;129,2400055;113,4000015;118,2300034;7445900;118,2300034
117,7300034;120,3190002;115,2600021;117,1900024;3022100;117,1900024
118,8000031;121,9700012;117,25;120,9000015;2627100;120,9000015
122,5599976;130,1999969;121,9599991;127,2099991;3646600;127,2099991
127,6500015;127,9599991;115,6999969;118,1999969;4735000;118,1999969
115,1900024;115,1900024;106,5899963;113,5999985;3922700;113,5999985
112,6500015;116,1800003;107,2799988;110,9100037;4238100;110,9100037
109;111,8799973;105,3099976;106,4199982;3239100;106,4199982
104,2200012;105,8600006;101,5400009;104,7200012;4887000;104,7200012
107,7399979;112,75;103,7799988;104,4199982;2898200;104,4199982
103,8600006;112,1399994;102,8349991;110,7600021;2747900;110,7600021
109,9100037;112,4800034;107,8199997;109,3099976;2150300;109,3099976
106,4599991;108;99,22000122;103,0999985;3513400;103,0999985
103,0999985;108,4899979;101;106,5100021;2861500;106,5100021
107,6500015;107,6500015;99,05000305;100,1399994;4398100;100,1399994
101,8600006;103,5;91,16000366;91,94999695;5474700;91,94999695
91,48999786;95,5;88,69000244;89;5625000;89
88;93,16799927;87,01999664;91,25;7969600;91,25
90,79000092;91,43000031;83,58000183;84,26000214;7282000;84,26000214
84,47000122;87,84999847;81,33999634;82,22000122;3383900;82,22000122
84,94999695;88,44999695;82,69499969;87,38999939;4835100;87,38999939
84,62999725;89,73000336;81,26999664;81,43000031;3151500;81,43000031
81,62000275;85,37000275;78,79000092;82,26000214;4814800;82,26000214
81,38999939;83,45999908;78,83999634;79,18000031;3959100;79,18000031
76,40000153;82,26999664;70,5;81,63999939;9944900;81,63999939
78,12000275;78,43000031;70,04000092;73,15000153;11392600;73,15000153
72,55999756;77;63,11000061;72,11000061;19772400;72,11000061
69,01999664;71,69999695;63,31999969;64,18000031;10907000;64,18000031
67,45999908;69,94000244;62,02999878;68,52999878;9452600;68,52999878
66,23000336;69,08000183;58,38999939;59,50999832;9039300;59,50999832
58,88000107;70,83999634;57,59999847;65,58999634;12163700;65,58999634
70,27999878;76,5;68,45999908;73,70999908;9432100;73,70999908
71,5;73,55000305;65,58000183;65,79000092;6334700;65,79000092
69,01999664;71,16999817;67,43000031;69,37999725;6888200;69,37999725
67,09999847;68,44999695;63;63,63000107;4192800;63,63000107
64;69;61,22000122;66,94999695;7103000;66,94999695
69,20999908;69,98000336;60,63000107;66,23000336;8879100;66,23000336
65;67,95500183;63,15000153;67,80999756;4384900;67,80999756
67,30000305;67,5;60,90499878;62,65999985;5180400;62,65999985
61,36000061;69,48999786;61,36000061;68,48000336;5307800;68,48000336
68,51000214;75;68,20500183;73,69000244;5184300;73,69000244
75,59999847;79,11199951;75,33000183;78,08999634;4755100;78,08999634
78,80000305;81,44000244;75,50499725;76,91000366;8812300;76,91000366
77,19999695;77,44000244;69,69999695;71,94999695;8704900;71,94999695
70,19999695;73,08000183;67,73999786;72,97000122;8603700;72,97000122
68,90000153;71,11499786;66,65000153;68,04000092;5572500;68,04000092
70,59999847;71,625;67,80000305;69,94999695;5235400;69,94999695
68,5;70,22499847;67,72000122;69,93000031;4130600;69,93000031
70;74,73999786;69,25;73,79000092;6005100;73,79000092
72,05000305;72,47000122;68,23999786;68,65000153;5551000;68,65000153
66,27999878;66,75;61,22999954;62,18000031;6763700;62,18000031
58,56999969;60,22000122;57,95999908;58,38000107;5614400;58,38000107
58,70000076;60,29000092;57,31000137;58,45999908;4937700;58,45999908
59,24000168;64,70999908;59,24000168;63,61999893;6286500;63,61999893
59,81999969;60,49700165;56,66999817;58,38000107;6051900;58,38000107
58,09999847;62,79999924;58,09999847;61,68999863;7727900;61,68999863
62,81999969;66,02999878;62,81000137;63,06999969;4531500;63,06999969
62;66,80000305;61,63999939;65,15000153;5852200;65,15000153
66,12000275;70,63999939;65,04000092;70,26999664;4250600;70,26999664
72;74,87999725;70,76000214;74,11000061;9848800;74,11000061
74,25;74,63999939;70,06999969;71,19999695;3443900;71,19999695
71,23999786;73,05000305;67,18000031;67,44999695;3409600;67,44999695
66,06999969;68,06999969;64,58000183;67,41999817;2906000;67,41999817
66,31999969;66,70999908;60,52000046;64,16999817;5383300;64,16999817
65,05000305;69,33000183;65,05000305;67,94999695;4234400;67,94999695
66,22000122;75,05999756;65,69000244;74,90000153;6564100;74,90000153
67,79000092;70;66,83999634;69,36000061;14984000;69,36000061
69,33000183;76;68,18000031;76;6479600;76
74,19999695;77,41500092;72,55999756;74,95999908;4922200;74,95999908
74,19000244;74,58999634;70,73999786;71,31999969;3599100;71,31999969
72,08000183;73,91999817;70,40000153;71,12999725;2947600;71,12999725
68,34999847;74,19999695;68,01000214;71,73999786;3848100;71,73999786
71,23999786;71,67500305;68,33999634;69,33000183;4480300;69,33000183
71,40000153;71,5;67,68000031;70,09999847;3614100;70,09999847
71,77999878;75,80000305;71,73799896;72,44000244;4701100;72,44000244
74;75,11499786;72,34999847;73,73999786;3212300;73,73999786
75,05000305;78,19999695;72,20999908;77,16999817;4617300;77,16999817
76,40000153;77,80999756;73,87999725;77,61000061;5054000;77,61000061
79,01000214;79,37000275;72,05000305;73,44999695;5978000;73,44999695
73,12000275;73,23000336;70,34999847;71,76000214;2845900;71,76000214
70,01000214;70,26999664;67,12999725;68,69999695;3495600;68,69999695
70,76000214;71,98999786;68,44999695;71,41999817;3458900;71,41999817
71;71,72000122;66,62999725;70,06999969;5753700;70,06999969
68,62000275;70,52999878;68,01999664;69,75;4292300;69,75
68,40000153;72,30999756;66,70999908;72,02999878;4976400;72,02999878
74,31999969;77,63999939;74,09100342;75,73999786;7062900;75,73999786
77;80;76,67900085;79,5;7598700;79,5
80,94999695;82,38999939;78,90499878;81,36000061;10185500;81,36000061
84,16000366;87;79,5;80,29000092;18313000;80,29000092
81,04000092;83,86000061;74,87000275;75,54000092;8730800;75,54000092
74,40000153;74,51000214;70,45999908;73,02999878;6710000;73,02999878
76,23999786;81,30000305;75,76000214;80,59999847;8835700;80,59999847
81,63999939;84,19000244;77,52999878;77,88999939;5567900;77,88999939
77,80999756;78,90000153;76,09500122;77,37000275;6688500;77,37000275
76,44000244;78,69000244;76,31999969;77,76000214;3074400;77,76000214
77,40000153;77,44000244;73,30000305;73,56999969;5359700;73,56999969
72,02999878;72,02999878;67,36000061;68,18000031;8518700;68,18000031
67,56999969;68,12999725;66,08999634;66,69999695;3740000;66,69999695
64,26999664;65,58000183;62,70000076;64,98999786;5561300;64,98999786
64,05000305;65,62000275;62,09999847;63,33000183;6974300;63,33000183
64,13999939;65,59999847;63,18000031;63,61999893;3417500;63,61999893
63,38000107;65,90000153;63;64,12000275;3742200;64,12000275
65,22000122;65,38999939;63,38000107;64,94999695;2805500;64,94999695
64,80999756;65,58899689;60,90000153;61,65999985;3524100;61,65999985
60,59000015;64;60;60,56000137;6717300;60,56000137
61,99000168;62,65999985;59,61000061;61,41999817;3709900;61,41999817
62;62,36000061;59,47999954;59,90000153;4313000;59,90000153
58,79999924;59,65800095;56,59999847;58,88000107;4092800;58,88000107
60;60,43000031;57,72000122;58,22999954;4358100;58,22999954
58,25999832;58,86000061;56,95000076;58,22999954;5699000;58,22999954
57,79000092;59,29999924;57,25;59,11999893;5962900;59,11999893
57,5;60,77999878;57,5;59,33000183;4480300;59,33000183
60;65,13500214;59,83000183;64,30999756;8180900;64,30999756
64,77999878;65,95999908;63,84999847;65,87000275;5924700;65,87000275
62,05599976;63,04999924;60,52000046;62,06999969;6081700;62,06999969
61,50999832;64,65000153;61,33000183;64,52999878;6238500;64,52999878
64,33000183;68,16000366;63,95000076;64,41000366;6780600;64,41000366
61,68999863;62,56000137;59,11000061;59,13000107;11409300;59,13000107
58,45000076;59,34000015;56,91400146;58,88000107;6236400;58,88000107
58,25;59,54000092;57,56999969;57,65999985;5366600;57,65999985
57,79999924;60,38999939;57,09999847;57,16999817;3133500;57,16999817
56,79000092;57,50999832;53,72999954;54;4677800;54
52,81999969;53,52999878;50,54000092;52,00999832;5105000;52,00999832
51,52000046;53,43000031;50,43999863;50,72999954;4106600;50,72999954
52,34000015;53,18000031;50,20000076;51,15000153;3112500;51,15000153
51,22000122;53,04000092;51,00999832;52,70000076;2850800;52,70000076
51,06999969;51,56000137;48,93999863;49,84000015;3107900;49,84000015
49,43999863;51,43500137;49,38700104;49,45000076;3223200;49,45000076
49,72999954;51,36999893;47,52000046;50,52000046;5868800;50,52000046
52,43999863;54,72999954;52,18000031;54,15999985;4934300;54,15999985
52,5;53,70000076;50,81000137;52,99000168;4652900;52,99000168
53,27000046;54,06000137;51,79000092;52,99000168;2384500;52,99000168
51,09000015;51,34999847;48,86000061;49,38999939;3503000;49,38999939
49,59999847;49,79999924;46,56000137;47,70999908;4774200;47,70999908
44,75;46,72000122;41,77000046;44,84999847;14080800;44,84999847
44,84999847;47,16999817;44,34999847;46,72000122;5706600;46,72000122
44;47,31999969;43,11000061;45,90999985;8569400;45,90999985
47;47,40000153;43,04999924;43,06000137;4771300;43,06000137
44,43000031;46,70999908;44,43000031;45,70999908;4325000;45,70999908
47,40000153;48,75999832;45,85499954;46,90000153;4277500;46,90000153
45,5;46,34000015;44,56000137;45,77999878;4134200;45,77999878
46,13000107;47,93000031;45,38499832;45,52999878;4208500;45,52999878
44,86000061;45,33000183;43,41999817;45,22999954;4633200;45,22999954
44,59999847;44,95999908;41,36500168;44,43000031;4199700;44,43000031
44,86999893;47,59999847;44,43999863;47,45999908;3317700;47,45999908
46,84000015;49,51499939;46,34999847;47,22999954;3387100;47,22999954
47,40999985;48,31999969;45,86000061;46,34000015;3611000;46,34000015
45,31000137;47,70999908;44,54000092;47,06000137;6721100;47,06000137
45,41999817;45,63999939;42,18000031;43,52999878;13377700;43,52999878
46,5;47,59999847;44,54000092;45,09999847;9471700;45,09999847
44,56999969;47,36000061;44,54000092;45,11999893;6871000;45,11999893
44,75;48,02000046;44,5;47,61000061;11893200;47,61000061
54,22000122;56,97999954;48,31000137;51,56999969;20529800;51,56999969
53,45000076;54,56000137;50,95000076;52,09999847;8817300;52,09999847
52,22000122;56,47000122;51,29499817;54,52999878;8747500;54,52999878
53,47999954;54,40100098;51,86999893;53,25;5146800;53,25
58,04000092;60,5;57;59,45999908;7144000;59,45999908
60,50999832;64,26000214;58,5;62,99000168;7672600;62,99000168
61,88000107;63,79000092;60,11999893;62,02000046;6399100;62,02000046
64,80000305;65,48999786;61,88999939;63,38000107;6138800;63,38000107
61,40999985;62,22999954;60,45000076;60,77999878;5031000;60,77999878
58,83000183;60,25;58,06999969;58,70000076;4286000;58,70000076
60,04999924;60,06000137;56,77000046;58,29000092;3139600;58,29000092
56,70000076;57,10499954;54,5;55,27000046;5533600;55,27000046
55,31000137;55,74499893;53,02999878;53,95000076;3635800;53,95000076
54,61000061;57,09000015;53,68999863;56,58000183;3963100;56,58000183
55,68999863;56,43999863;55,13999939;55,47000122;1308300;55,47000122
55;57,08000183;54,43999863;54,65000153;4707600;54,65000153
55,31000137;55,54000092;53,24000168;53,34000015;2805400;53,34000015
55,29999924;58,63999939;54,75999832;58,25;7911200;58,25
57,91999817;59,93999863;56,56999969;57,11999893;4222000;57,11999893
53,00999832;56,22000122;52,61999893;55,18999863;4720200;55,18999863
54,84999847;54,99000168;52,95000076;53,22999954;3695700;53,22999954
52,90999985;53,97000122;51,83000183;52,70999908;5475100;52,70999908
52;53,95999908;51,52999878;53,61999893;3606700;53,61999893
54,15999985;55,25;53,44100189;54,00999832;3957600;54,00999832
53,25999832;55,54000092;52,81999969;55,27000046;3360700;55,27000046
55,59000015;58,06000137;55,29999924;58,02000046;5319000;58,02000046
61,20999908;62,31999969;56,97000122;58,24000168;6198700;58,24000168
58;59,04999924;56,88999939;58,5;4133200;58,5
57,5;58;54,38000107;55,25;5287100;55,25
55,04999924;55,15000153;51,72000122;52,52000046;6140800;52,52000046
52,79000092;53,74000168;51,13000107;51,43999863;4111100;51,43999863
51,02999878;52,56999969;50,16799927;51,33000183;3402300;51,33000183
52;53,93000031;51,72499847;52,91999817;3964900;52,91999817
52;52,04000092;49,70000076;51,36000061;3021200;51,36000061
50,97000122;51,22999954;49,75500107;50,68999863;2406100;50,68999863
50;50,02000046;47,84000015;48,43000031;3461800;48,43000031
48,00999832;48,56000137;46,81999969;46,84999847;2580000;46,84999847
47,25;49,75;46,31999969;49,58000183;4235700;49,58000183
48,18999863;49,27000046;47,97000122;48,81999969;3193300;48,81999969
49,97999954;51,08000183;47,82500076;48,36000061;3684800;48,36000061
49,34999847;50,18999863;47,72000122;48,93000031;2874100;48,93000031
48,16999817;48,25;46,79999924;47,13000107;3653200;47,13000107
47,31999969;48,34999847;45,93199921;48;3803100;48
46,5;49,74000168;46,25;48,04999924;8097500;48,04999924
47,72999954;48,88000107;46,49000168;48,04000092;3850600;48,04000092
49;51,9280014;48,27000046;51,79999924;6348700;51,79999924
53;53,27999878;49,45000076;52,02999878;3714100;52,02999878
50,75;52,90999985;50,58000183;52,34000015;2712200;52,34000015
53,09000015;55,52999878;52,14500046;54,47000122;4506100;54,47000122
55,52999878;57,52999878;55,04000092;55,31000137;5267200;55,31000137
54,06999969;55,15499878;53,00999832;54,65000153;2996600;54,65000153
55,56999969;58,04999924;55,49000168;58,02000046;3025600;58,02000046
58,47000122;60,90000153;57,95000076;60,59000015;4495500;60,59000015
60;61,18000031;59,22999954;59,52999878;2354400;59,52999878
57,43000031;59,72999954;56,47000122;59,52999878;2524600;59,52999878
61,49000168;62,04999924;56,83000183;56,95000076;4694300;56,95000076
56,63999939;59,52999878;55,95000076;58,63000107;5283800;58,63000107
57,54999924;58,50500107;56,22000122;56,56000137;3650000;56,56000137
56,79000092;58;56,02000046;57,91999817;3099300;57,91999817
57,45000076;59,53499985;56,00999832;58,90999985;5430500;58,90999985
62;65,34999847;61,27000046;63,81000137;5720400;63,81000137
60,18000031;62,02000046;58,88999939;59,04000092;5835300;59,04000092
58,02000046;59,90000153;58,00999832;59,68000031;2737800;59,68000031
59,63000107;60,38999939;57,79999924;60,02000046;3816200;60,02000046
62,97999954;65,69000244;61,70000076;62,38000107;7901000;62,38000107
62,75999832;64,61000061;61,11999893;61,84999847;5387400;61,84999847
59,97000122;60,29999924;56,79000092;57,72000122;5370800;57,72000122
58,04999924;59,56999969;57,45000076;59,29000092;3824900;59,29000092
58,59000015;62,11000061;57,84500122;61,61000061;3976600;61,61000061
63,24000168;68,40000153;62,68000031;68,18000031;8659500;68,18000031
66,84999847;70,12999725;65,72000122;66,88999939;14708200;66,88999939
69,77999878;70,05000305;60,41999817;61,81000137;23601400;61,81000137
59,97000122;60,86000061;57,22000122;58,06000137;10352500;58,06000137
58,25999832;59,72999954;56,95999908;57,88999939;6327600;57,88999939
58,29999924;58,40000153;55,04999924;56,56999969;5545300;56,56999969
54,88999939;55,45000076;53,49100113;55,09000015;4971600;55,09000015
55,27999878;55,44599915;53,77999878;54,18999863;6040500;54,18999863
54,45999908;55,20999908;53,81000137;54,65999985;4054900;54,65999985
54,59000015;55,13000107;53,61999893;53,91999817;2696000;53,91999817
52,86000061;55,34999847;52,59999847;55,27999878;3181900;55,27999878
55,79000092;57,38000107;55,41999817;57,34000015;3041600;57,34000015
57,52000046;57,77999878;55,81000137;55,95000076;3148100;55,95000076
55,68000031;59,70000076;55,56000137;58,15999985;7913200;58,15999985
57,20000076;58,74000168;56,83000183;58,20000076;5218700;58,20000076
57,61000061;59,45999908;55,06999969;55,27999878;4523100;55,27999878
55,29000092;55,63999939;52,66999817;53,22999954;5145900;53,22999954
52,43000031;55,5;51,5;53,79999924;4896200;53,79999924
57,04000092;58,45000076;56,40000153;56,99000168;5344000;56,99000168
56,04000092;58,61600113;55,75;58,47000122;5420500;58,47000122
58,34000015;61,04999924;58,16999817;60,72999954;4880300;60,72999954
61,09000015;61,77999878;59,33000183;59,63999939;4734300;59,63999939
59;59,70999908;58,13999939;59,31999969;3184800;59,31999969
60,08000183;60,93999863;59,56499863;60,36999893;3215900;60,36999893
60,90999985;61,54100037;59,00999832;59,11999893;3065800;59,11999893
60,36000061;61,99000168;59,56000137;60,31000137;2995200;60,31000137
60,34999847;60,79000092;59,22000122;60,66999817;2644900;60,66999817
61,40999985;61,54000092;59,72999954;59,90000153;2537700;59,90000153
59,72000122;60,15000153;58,68999863;59,04000092;2935000;59,04000092
59,91999817;60,93000031;59,16999817;59,86000061;2235900;59,86000061
61,09000015;62,25999832;60,81000137;61,77999878;3083500;61,77999878
61,83000183;64,46499634;61,40000153;63,56000137;4530400;63,56000137
62,5;64,20999908;62,33000183;63,93999863;2820200;63,93999863
64,40000153;65,14499664;63,20999908;63,34000015;2156100;63,34000015
62,79000092;62,88999939;59,38999939;60,86000061;4330400;60,86000061
60,33000183;60,86000061;58,27999878;60,68000031;2890600;60,68000031
59,52000046;61,79000092;58,74000168;61,58000183;3102400;61,58000183
61,52000046;63,26499939;61,47999954;62,91999817;2860100;62,91999817
64,33000183;65,12000275;59,70999908;60,09999847;3395100;60,09999847
60,97999954;62,68000031;60,40000153;61,45000076;3244200;61,45000076
60,95000076;62,08000183;60,61500168;61,72000122;1992100;61,72000122
61,61999893;62,22000122;60,52999878;60,61999893;2893400;60,61999893
61,5;62,43000031;60,83000183;62,38999939;3549600;62,38999939
61,41999817;62,41500092;60,61999893;61,72999954;3050000;61,72999954
60,54999924;60,97000122;59,50999832;59,56000137;2320100;59,56000137
59,66999817;61,29000092;58,54000092;61,29000092;2608000;61,29000092
61,63999939;62,11999893;59,27999878;59,88000107;1958000;59,88000107
58,97999954;59,31900024;56,59000015;56,81999969;3544100;56,81999969
57,72000122;58,47000122;56,95999908;57,5;4947200;57,5
58,43999863;59,27000046;57,86000061;58,41999817;1801900;58,41999817
58,06000137;61,25;57,38999939;61,18999863;3234500;61,18999863
60,93000031;62,875;60,45000076;62,20000076;4179100;62,20000076
63,5;64,23000336;60,91999817;61,61999893;4656500;61,61999893
61,72000122;63,88000107;61,27999878;62,36000061;2989900;62,36000061
62,61999893;63,66999817;62,27000046;62,83000183;5980800;62,83000183
65;65,30999756;60,36000061;62,90000153;9165400;62,90000153
62,90000153;67,26999664;62,90000153;66,76999664;6387200;66,76999664
66,45999908;69,27999878;65,87000275;67,30000305;6874500;67,30000305
68,23999786;69,33999634;66,44000244;68,76000214;5811900;68,76000214
68,94000244;68,95999908;67,08999634;67,22000122;3140500;67,22000122
67,25;67,64499664;65,23999786;65,87000275;2741300;65,87000275
66,26999664;67,06999969;65,55999756;66,19999695;2411000;66,19999695
65,55000305;65,80999756;63,72999954;64,18000031;3531200;64,18000031
64;65,73000336;63,72999954;65,22000122;2251600;65,22000122
65;67,49500275;64,73000336;66,97000122;3054400;66,97000122
67,05999756;67,07499695;65,80999756;66,98000336;2031600;66,98000336
66,55999756;67,87999725;63,63000107;65,62999725;6574300;65,62999725
64,77999878;67,30000305;64,65000153;66,02999878;2734800;66,02999878
65,36000061;67,30999756;65,30000305;66;2897400;66
66,98000336;67,41999817;65,76000214;66,5;2764700;66,5
66,68000031;68,43000031;66,5;67,44000244;2286200;67,44000244
68,33999634;68,33999634;64,68000031;64,94000244;3414600;64,94000244
64,01000214;65,40000153;62,83000183;65,29000092;4714800;65,29000092
64,83000183;69,08999634;64,58999634;67,56999969;4190200;67,56999969
69;69,95999908;67,48000336;67,87999725;2814600;67,87999725
67,66000366;69,85399628;67;69,34999847;2985500;69,34999847
68,76000214;71,76000214;67,94999695;71,19000244;3649900;71,19000244
71,41999817;71,41999817;68,70999908;70,15000153;4064100;70,15000153
69,16999817;71,38999939;69;69,97000122;2520900;69,97000122
70,23000336;72,44000244;69,68000031;71,77999878;4902600;71,77999878
72;72,72000122;70,65799713;72,37000275;2864500;72,37000275
73,37999725;73,59999847;71,13999939;73,16000366;2284000;73,16000366
72,01999664;72,01999664;70,38999939;71,5;3149900;71,5
71,13999939;73,08000183;70,69000244;71,76000214;2721800;71,76000214
72,37000275;73,55999756;71,76000214;73,26000214;3658000;73,26000214
72,11000061;73,33499908;71,66999817;73;2840400;73
72,98000336;73,81500244;71,84999847;72,91000366;2820100;72,91000366
72,79000092;73,87000275;72,25;72,76999664;2564200;72,76999664
72,05000305;73,26000214;71,22000122;72,63999939;6262500;72,63999939
72,08999634;75,15000153;72,04000092;73,58000183;2983900;73,58000183
74,47000122;74,87000275;73,12999725;74,76000214;2625300;74,76000214
74,87000275;77,23500061;74,80000305;76,48999786;3118800;76,48999786
76,38999939;76,63999939;74,98999786;75,44999695;1817900;75,44999695
76,66999817;77,80000305;76,22000122;76,41999817;2645100;76,41999817
76,73999786;78,76000214;76,73999786;78,70999908;1750100;78,70999908
78,41999817;79,18000031;77,65000153;79,06999969;1922600;79,06999969
77,66999817;78,52999878;75,06500244;76,98999786;3734900;76,98999786
77,36000061;78,73999786;77,04000092;77,94999695;2402500;77,94999695
78,01000214;78,44000244;76,83000183;77,61000061;2194900;77,61000061
77,61000061;80,01999664;77,38999939;79,84999847;1999300;79,84999847
81,19000244;81,34999847;79,44000244;80,58999634;2463500;80,58999634
81,69999695;84,11499786;81,55000305;83,29000092;2584800;83,29000092
83,5;84,06999969;81,69000244;83,95999908;2904300;83,95999908
83,69000244;85,70999908;82,91000366;85,33999634;3033200;85,33999634
85,33999634;86,25;84,30999756;85,06999969;2961900;85,06999969
85;86,06999969;83,98000336;85,09999847;2495900;85,09999847
83,84999847;85,02700043;83,41000366;83,63999939;2942100;83,63999939
84,75;85,31999969;84,23999786;84,5;1639600;84,5
85,29000092;85,69000244;83,66000366;84,30999756;1698000;84,30999756
85,44000244;86,41999817;84,65000153;85,40000153;4062000;85,40000153
85,23999786;87,09999847;84,72000122;86,11000061;1954300;86,11000061
87,08999634;87,95500183;85,44999695;86,04000092;3292000;86,04000092
87,65000153;90,86000061;87,56999969;89,65000153;4688400;89,65000153
90,11000061;92,61000061;89,83999634;90,79000092;3102600;90,79000092
89,5;90;85,94000244;86,58999634;4756000;86,58999634
84,37999725;86,80999756;83,80500031;85,98000336;5971000;85,98000336
86,29000092;89,73000336;84,33000183;85,45999908;9056300;85,45999908
85,94999695;87,23999786;83,06999969;83,59999847;5583200;83,59999847
83,05999756;84,68000031;80,86000061;84,36000061;4560100;84,36000061
83,62000275;84,73000336;82,54000092;84,62999725;2113000;84,62999725
84,20999908;84,29000092;81,37999725;82,37999725;2946500;82,37999725
83,01999664;83,08000183;81,25;82,38999939;2934900;82,38999939
81,41000366;81,41000366;78,56999969;79,19000244;4053400;79,19000244
78,5;80,05999756;78,02999878;79,88999939;2567400;79,88999939
79,43000031;79,86000061;78,16000366;78,83000183;3581500;78,83000183
78,73999786;80,23999786;78,51999664;79,79000092;2549000;79,79000092
80,63999939;80,77999878;77,63999939;77,87999725;3111400;77,87999725
77,19999695;78,26999664;76,25;77,81999969;2985200;77,81999969
78,15000153;78,95999908;75,05999756;76,59999847;5922900;76,59999847
77,48999786;78,86000061;77,12999725;77,83999634;2110100;77,83999634
78,01000214;78,40000153;76,94000244;77,33999634;1803200;77,33999634
77,22000122;77,31999969;75,62000275;76,12999725;2479900;76,12999725
76,45999908;78,37999725;76,36499786;78,01999664;2322800;78,01999664
78;79,06999969;77,23000336;78,5;3487600;78,5
78,23999786;82,47000122;78,05000305;81,95999908;3382000;81,95999908
81;83,48000336;80,18000031;82,73000336;2960400;82,73000336
82,98999786;84,73999786;82,91999817;84,12999725;4088300;84,12999725
85;85,37999725;83,59999847;84,04000092;2304800;84,04000092
83,98999786;84,29000092;83,25;83,68000031;2146700;83,68000031
83,09999847;83,09999847;81,44999695;82,58999634;2514100;82,58999634
81,38999939;82,29000092;80,04000092;82,01999664;2466500;82,01999664
81,80999756;82,37000275;80,12999725;82,16999817;2195300;82,16999817
83,83999634;84,19000244;82,79000092;83,29000092;2392200;83,29000092
82,43000031;84,16999817;82,19999695;82,87000275;1483100;82,87000275
82,48999786;82,99500275;81,66999817;82,23000336;1542700;82,23000336
83,01000214;83,91999817;82,06500244;82,98000336;2456500;82,98000336
80,5;81,30999756;79,16000366;80,93000031;6995700;80,93000031
81,34999847;83,87999725;80,80999756;80,91999817;3954400;80,91999817
79,94999695;80,52999878;76,54000092;79,19000244;4624500;79,19000244
79,41000366;80,19999695;78,69000244;78,94999695;3121100;78,94999695
78,19000244;78,23000336;75,55500031;75,61000061;5127800;75,61000061
76,08000183;77,37000275;75,62000275;76,18000031;1741000;76,18000031
75,41999817;76,30000305;75,06999969;75,47000122;1880600;75,47000122
75,06999969;76,09500122;74,1289978;74,58000183;1908900;74,58000183
74,94000244;78,31999969;74,73000336;78,15000153;3760600;78,15000153
77,11000061;79,73999786;76,59999847;77,80000305;3055700;77,80000305
78,65000153;80,91500092;78,65000153;79,47000122;2746900;79,47000122
78,58000183;79,58999634;78,19999695;79,44000244;2651500;79,44000244
79,16000366;79,86000061;76,59999847;77,25;2401800;77,25
77,73000336;78,98000336;77,26000214;77,93000031;2856900;77,93000031
77,18000031;77,41999817;72,67199707;73,80999756;5251800;73,80999756
73;74,75;71,91000366;74,51000214;4727700;74,51000214
73,63999939;76,90000153;72,69999695;76,08000183;4041700;76,08000183
76,33000183;81,61499786;76,08999634;81,43000031;5025800;81,43000031
81,80000305;83,83999634;80,51000214;80,80000305;3329700;80,80000305
80,90000153;82,30000305;79,68000031;80,09999847;2740000;80,09999847
80,44000244;80,70800018;74,88999939;75,37000275;4099100;75,37000275
75,04000092;76,70500183;73,73999786;76,41999817;3298200;76,41999817
75,48999786;76,65000153;74,58000183;75,87999725;2722400;75,87999725
74,98999786;76,90000153;74,08000183;74,5;2578400;74,5
75;75,26000214;72,86000061;73,37000275;2037900;73,37000275
73,30999756;74,30000305;72,01000214;73,06999969;3366900;73,06999969
72,01000214;75,76000214;72,01000214;74,80999756;2541300;74,80999756
75,41999817;77,48999786;75,34999847;76,36000061;2749300;76,36000061
75,23000336;75,59500122;71,80999756;72,27999878;2894300;72,27999878
72,48000336;72,81999969;69,90000153;71,02999878;2245100;71,02999878
72;73,13500214;70,5;70,65000153;2702800;70,65000153
71,61000061;73,76499939;71,37999725;73,20999908;3700300;73,20999908
73,80000305;75,54499817;72,65000153;74,94999695;3573200;74,94999695
75,41999817;76,40000153;74,22000122;75,90000153;5842800;75,90000153
85,08999634;90,33999634;84,38999939;87,79000092;12346100;87,79000092
88,05000305;93,19000244;87,95999908;92,48999786;8015400;92,48999786
92,48999786;92,48999786;86,9509964;89,04000092;4535000;89,04000092
89,5;90,23500061;87,70999908;88,91000366;3424800;88,91000366
88,18000031;88,91999817;86,30000305;87,30999756;5506300;87,30999756
87,90000153;88,08000183;83,58000183;84,52999878;4333100;84,52999878
85,31999969;88,25;85,05999756;87,47000122;3502900;87,47000122
86,69999695;90,41999817;86,33000183;89,76999664;3339200;89,76999664
91,54000092;94,17299652;90,87000275;93,69000244;5048600;93,69000244
94,55000305;95,88999939;93,55999756;95,16000366;4340000;95,16000366
94,98999786;95,30000305;93,83499908;95,08999634;4541800;95,08999634
95,54000092;95,69799805;94,26000214;95,23000336;3432900;95,23000336
94,5;96,01000214;93,65000153;95,75;7263900;95,75
94,25;95,58000183;93,61000061;94,59999847;5573100;94,59999847
95;95,61000061;93,80000305;95,34999847;4330200;95,34999847
93,83999634;94,87999725;93,06999969;93,80999756;2749900;93,80999756
93,30000305;95,06999969;92,55999756;93,94999695;4450100;93,94999695
93,97000122;95,65899658;93,25499725;94,44000244;5530400;94,44000244
95;96,98999786;93,75;94,95999908;6193300;94,95999908
94,80999756;95,53500366;92,58000183;93,98000336;3916000;93,98000336
93,05000305;96,70999908;93,05000305;96,58000183;2948400;96,58000183
96,12000275;99,25;95,56900024;98,36000061;4702500;98,36000061
97,98000336;97,98000336;95,07499695;96,23500061;4771000;96,23500061
98;99,33000183;96,54000092;96,84999847;3699600;96,84999847
96,66000366;99,55500031;95,98000336;98,97000122;3622600;98,97000122
99;100,7300034;97,45999908;100;4301100;100
102,3099976;103,9800034;100,9800034;101,5;8721800;101,5
100,8099976;101,6500015;100,4499969;101;4789500;101
101,1900024;101,4800034;99,12999725;100,4300003;4899900;100,4300003
101,5100021;102,2429962;99,66500092;101,7600021;5577800;101,7600021
102,7399979;103,3099976;100,2200012;101,5699997;30556000;101,5699997
102,5800018;103,6600037;100,7399979;102,7099991;3861800;102,7099991
103,25;103,7900009;101,3199997;101,4599991;4890800;101,4599991
101,0199966;102,2300034;98,65000153;98,72000122;3031500;98,72000122
99,98999786;100,8779984;98,5;100,5599976;4070100;100,5599976
100,3499985;101,5100021;99,30999756;100,5299988;3521700;100,5299988
100,9800034;100,9800034;99,12999725;99,86000061;2129400;99,86000061
100,2399979;100,9049988;99,62000275;100,6900024;1939900;100,6900024
100,8000031;100,8099976;99,23999786;100,2099991;2372300;100,2099991
99,66000366;100,5699997;98,40000153;98,88999939;2525400;98,88999939
